{
    "token1": "ErqEKEmoXbH2kn4M9vs6.g+i8Cj77b/S1sqq6zZuzbG.yzrHNmzfZVoScFnHBxPwIYd1suH7UOsAeNeluZ87mug=",
    "token2": "ErDEKXlLLPUbb41Snod8.LnAR6cwl1HBu8jV4sb9Cwa.8CwyqCdPsd+q//Gzpb+Z1WP4plAFWo34S5y00Au9qP0=",
    "token3": "Erlv7BavIgRCI1YW7iEb.Gl2FmoVBdJvP5zrS8+WsIW.Pnx+MkdeMbJOD8zjMjgVH3tsCxHQRUrRmtELRq53LmU=",
    "token4": "Er4nMYpFhYXDRNnkATK0.RKDEUzAjZPawq70LJrfvia.KQghpQMWcNLAbjuOQrZoIs1jpQQOnnnEEc8fFah3lL4=",
    "token5": "Erwl9tmj95TRv7RoLhId.sWb83FC6zfP+k+ArrujPtq.OU4z2IGgw/bGEi4p2w3bz4JLBAyDeMOIq+CbvStwNgk=",
    "token6": "Eri94uKQ3GeHv24oquMa.TtmrXEUy+dQxPJqjuRhwUG.PJPf8JWp2zCGOxA2VRQi8qhP9fyEFZkHvVw4dgICWRc=",
    "token7": "ErGPkAql6J4jvz0gLGX4.K4ZdSmCEofQe1bhu08sm1a.nvNxiNJPEjMtqMahhudnzHNtynqYBarNHtVfrfdyk5k=",
    "token8": "Erp5XxE8d8NQEXHNcZJ3.q+F0eZivv+xVfDH8RQIIuW.q3WK8lEUMBCnrhYDWzZz8wDStSFivgz4NBcgYFV5JIo=",
    "token9": "ErqlZIswkCoRWWc7NMV9.Z5La8y0aL0C+/9hu2gh+6q.x+jII3S+15cmD+HyatHgZpmeaaMAeFDp4ffL0m196Uo="
}