{
    "addadmin": {},
    "addbanmode": {},
    "addbot": {},
    "addfriend": {},
    "addtarget": {},
    "addwl": {
        "c28568ec5768db9010f693ef77c1fe688": true
    },
    "admin": {},
    "autoadd": false,
    "autocancel": {
        "c7d6d2b3b57a1a7ab41319c96b7f0bfe5": true,
        "cdb39f1aad1a2fca033f449fc003c8370": true,
        "ce5c95d4f49ee9d6bb39770b668a78edb": true
    },
    "autojoin": "off",
    "autolike": false,
    "autopurge": {
        "ce5c95d4f49ee9d6bb39770b668a78edb": true
    },
    "autorejc": false,
    "backup": {
        "name": "\u0627\u210b\u13af\u13e6U\u0627\udbc3\udc02\udbc3\udc02\udbc3\udc02\udbc3\udc02\udbc2\udc01\udbc2\udc01 \udbc1\udf01\udbc0\uddbb",
        "pict": "0h0UEbEQmjb3p4G0MWf1QQLUReYRcPNWkyAC4nGl9LMRpSKiwpEXQkTgoaMUlRLi0rFighS18eNR5W",
        "status": ""
    },
    "backup1": {
        "name": "kicker",
        "pict": "0hXYCwG9N7B3Z-DisDEVF4IUJLCRsJIAE-BmlJRVIIDhVaOxAhSmwfFFwKDEFXaUZwRDsYFw4HWUZS",
        "status": null
    },
    "backup10": {},
    "backup11": {},
    "backup12": {},
    "backup13": {},
    "backup2": {},
    "backup3": {},
    "backup4": {},
    "backup5": {},
    "backup6": {},
    "backup7": {},
    "backup8": {},
    "backup9": {},
    "banlist": {
        "uf9cfa4adf43b2f90054b6153c11b7d6a": true
    },
    "bname": "Shiro",
    "botku": {},
    "chatspam": "test aja",
    "comment": "on",
    "contact": false,
    "cpg": {
        "cf76030d5237fb755918f8213cb5acfac": true
    },
    "cpp1": {
        "cccf348e8bd43a7949a55cd27e17f7b52": true
    },
    "cpp10": {},
    "cpp11": {
        "c28568ec5768db9010f693ef77c1fe688": true,
        "c6164db9d306f425240e6727da9dc78ab": true
    },
    "cpp12": {},
    "cpp13": {},
    "cpp14": {},
    "cpp15": {},
    "cpp16": {},
    "cpp2": {},
    "cpp3": {},
    "cpp4": {},
    "cpp5": {},
    "cpp6": {},
    "cpp7": {},
    "cpp8": {},
    "cpp9": {},
    "deladmin": {},
    "delbanmode": {
        "cbdab957f46296e677a046073ffacb469": true,
        "cf1e96e7e6908fd7b0c7848c8772be284": true
    },
    "delbot": {},
    "deltarget": {},
    "delwl": {},
    "emo": {
        "a": [
            "\udbc9\ude01\udbc0\udd7ba\udbff\udfff",
            "\udbca\udd01\udbc0\udd7ba\udbff\udfff",
            "\udbca\udd01\udbc0\udd1ba\udbff\udfff",
            "\udbca\udd01\udbc0\udd01a\udbff\udfff",
            "\udbca\udc01\udbc0\udd7ba\udbff\udfff",
            "\udbca\udc01\udbc0\udd1ba\udbff\udfff",
            "\udbca\udc01\udbc0\udd01a\udbff\udfff",
            "\udbca\udc01\udbc0\udd1ba\udbff\udfff",
            "\udbc9\udf01\udbc0\udd7ba\udbff\udfff",
            "\udbc9\udf01\udbc0\udd1ba\udbff\udfff",
            "\udbc9\udf01\udbc0\udd01a\udbff\udfff",
            "\udbc9\ude01\udbc0\udd1ba\udbff\udfff",
            "\udbc9\ude01\udbc0\udd01a\udbff\udfff"
        ],
        "b": [
            "ban",
            "@kicker",
            ""
        ],
        "c": [
            "\udbca\udd01\udbc0\udd78c\udbff\udfff",
            "\udbca\udd01\udbc0\udd1dc\udbff\udfff",
            "\udbca\udd01\udbc0\udd03c\udbff\udfff",
            "\udbca\udc01\udbc0\udd78c\udbff\udfff",
            "\udbca\udc01\udbc0\udd1dc\udbff\udfff",
            "\udbca\udc01\udbc0\udd03c\udbff\udfff",
            "\udbc9\udf01\udbc0\udd78c\udbff\udfff",
            "\udbc9\udf01\udbc0\udd1dc\udbff\udfff",
            "\udbc9\udf01\udbc0\udd03c\udbff\udfff",
            "\udbc9\ude01\udbc0\udd78c\udbff\udfff",
            "\udbc9\ude01\udbc0\udd1dc\udbff\udfff",
            "\udbc9\ude01\udbc0\udd03c\udbff\udfff"
        ],
        "d": [
            "\udbca\udd01\udbc0\udd1ed\udbff\udfff",
            "\udbca\udd01\udbc0\udd04d\udbff\udfff",
            "\udbca\udc01\udbc0\udd1ed\udbff\udfff",
            "\udbca\udc01\udbc0\udd04d\udbff\udfff",
            "\udbc9\udf01\udbc0\udd1ed\udbff\udfff",
            "\udbc9\udf01\udbc0\udd04d\udbff\udfff",
            "\udbc9\ude01\udbc0\udd1ed\udbff\udfff",
            "\udbc9\ude01\udbc0\udd04d\udbff\udfff"
        ],
        "e": [
            "\udbca\udd01\udbc0\udd1fe\udbff\udfff",
            "\udbca\udd01\udbc0\udd05e\udbff\udfff",
            "\udbca\udc01\udbc0\udd1fe\udbff\udfff",
            "\udbca\udc01\udbc0\udd05e\udbff\udfff",
            "\udbc9\udf01\udbc0\udd1fe\udbff\udfff",
            "\udbc9\udf01\udbc0\udd05e\udbff\udfff",
            "\udbc9\ude01\udbc0\udd1fe\udbff\udfff",
            "\udbc9\ude01\udbc0\udd05e\udbff\udfff"
        ],
        "f": [
            "\udbca\udd01\udbc0\udd20f\udbff\udfff",
            "\udbca\udd01\udbc0\udd06f\udbff\udfff",
            "\udbca\udc01\udbc0\udd20f\udbff\udfff",
            "\udbca\udc01\udbc0\udd06f\udbff\udfff",
            "\udbc9\udf01\udbc0\udd20f\udbff\udfff",
            "\udbc9\udf01\udbc0\udd06f\udbff\udfff",
            "\udbc9\ude01\udbc0\udd20f\udbff\udfff",
            "\udbc9\ude01\udbc0\udd06f\udbff\udfff"
        ],
        "g": [
            "\udbc9\udf01\udbc0\udd21g\udbff\udfff",
            "\udbca\udd01\udbc0\udd21g\udbff\udfff",
            "\udbca\udd01\udbc0\udd07g\udbff\udfff",
            "\udbca\udc01\udbc0\udd21g\udbff\udfff",
            "\udbca\udc01\udbc0\udd07g\udbff\udfff",
            "\udbc9\udf01\udbc0\udd07g\udbff\udfff",
            "\udbc9\ude01\udbc0\udd21g\udbff\udfff",
            "\udbc9\ude01\udbc0\udd07g\udbff\udfff"
        ],
        "h": [
            "\udbca\udd01\udbc0\udd22h\udbff\udfff",
            "\udbca\udd01\udbc0\udd08h\udbff\udfff",
            "\udbca\udc01\udbc0\udd22h\udbff\udfff",
            "\udbca\udc01\udbc0\udd08h\udbff\udfff",
            "\udbc9\udf01\udbc0\udd22h\udbff\udfff",
            "\udbc9\udf01\udbc0\udd08h\udbff\udfff",
            "\udbc9\ude01\udbc0\udd22h\udbff\udfff",
            "\udbc9\ude01\udbc0\udd08h\udbff\udfff"
        ],
        "i": [
            "\udbca\udd01\udbc0\udd59i\udbff\udfff",
            "\udbca\udd01\udbc0\udd23i\udbff\udfff",
            "\udbca\udd01\udbc0\udd09i\udbff\udfff",
            "\udbca\udc01\udbc0\udd59i\udbff\udfff",
            "\udbca\udc01\udbc0\udd23i\udbff\udfff",
            "\udbca\udc01\udbc0\udd09i\udbff\udfff",
            "\udbc9\udf01\udbc0\udd59i\udbff\udfff",
            "\udbc9\udf01\udbc0\udd23i\udbff\udfff",
            "\udbc9\udf01\udbc0\udd09i\udbff\udfff",
            "\udbc9\ude01\udbc0\udd59i\udbff\udfff",
            "\udbc9\ude01\udbc0\udd23i\udbff\udfff"
        ],
        "j": [
            "\udbca\udc01\udbc0\udd24j\udbff\udfff",
            "\udbc9\ude01\udbc0\udd0aj\udbff\udfff",
            "\udbca\udd01\udbc0\udd24j\udbff\udfff",
            "\udbca\udd01\udbc0\udd0aj\udbff\udfff",
            "\udbca\udc01\udbc0\udd0aj\udbff\udfff",
            "\udbc9\udf01\udbc0\udd24j\udbff\udfff",
            "\udbc9\udf01\udbc0\udd0aj\udbff\udfff",
            "\udbc9\ude01\udbc0\udd24j\udbff\udfff"
        ],
        "k": [
            "\udbca\udd01\udbc0\udd25k\udbff\udfff",
            "\udbca\udd01\udbc0\udd0bk\udbff\udfff",
            "\udbca\udc01\udbc0\udd25k\udbff\udfff",
            "\udbca\udc01\udbc0\udd0bk\udbff\udfff",
            "\udbc9\udf01\udbc0\udd25k\udbff\udfff",
            "\udbc9\udf01\udbc0\udd0bk\udbff\udfff",
            "\udbc9\ude01\udbc0\udd25k\udbff\udfff",
            "\udbc9\ude01\udbc0\udd0bk\udbff\udfff"
        ],
        "l": [
            "",
            "\udbc9\ude01\udbc0\udd59l\udbff\udfff",
            "\udbca\udd01\udbc0\udd59l\udbff\udfff",
            "\udbca\udc01\udbc0\udd59l\udbff\udfff",
            "\udbc9\udf01\udbc0\udd59l\udbff\udfff",
            "\udbca\udd01\udbc0\udd26l\udbff\udfff",
            "\udbca\udd01\udbc0\udd0cl\udbff\udfff",
            "\udbca\udc01\udbc0\udd26l\udbff\udfff",
            "\udbca\udc01\udbc0\udd0cl\udbff\udfff",
            "\udbc9\udf01\udbc0\udd26l\udbff\udfff",
            "\udbc9\udf01\udbc0\udd0cl\udbff\udfff",
            "\udbc9\ude01\udbc0\udd26l\udbff\udfff",
            "\udbc9\ude01\udbc0\udd0cl\udbff\udfff"
        ],
        "m": [
            "\udbca\udd01\udbc0\udd27m\udbff\udfff",
            "\udbca\udd01\udbc0\udd0dm\udbff\udfff",
            "\udbca\udc01\udbc0\udd27m\udbff\udfff",
            "\udbca\udc01\udbc0\udd0dm\udbff\udfff",
            "\udbc9\udf01\udbc0\udd27m\udbff\udfff",
            "\udbc9\udf01\udbc0\udd0dm\udbff\udfff",
            "\udbc9\ude01\udbc0\udd27m\udbff\udfff",
            "\udbc9\ude01\udbc0\udd0dm\udbff\udfff"
        ],
        "n": [
            "\udbc9\udf01\udbc0\udd28n\udbff\udfff",
            "\udbca\udd01\udbc0\udd28n\udbff\udfff",
            "\udbca\udd01\udbc0\udd0en\udbff\udfff",
            "\udbca\udc01\udbc0\udd28n\udbff\udfff",
            "\udbca\udc01\udbc0\udd0en\udbff\udfff",
            "\udbc9\udf01\udbc0\udd0en\udbff\udfff",
            "\udbc9\ude01\udbc0\udd28n\udbff\udfff",
            "\udbc9\ude01\udbc0\udd0en\udbff\udfff"
        ],
        "o": [
            "\udbca\udd01\udbc0\udd29o\udbff\udfff",
            "\udbca\udd01\udbc0\udd0fo\udbff\udfff",
            "\udbca\udc01\udbc0\udd92o\udbff\udfff",
            "\udbca\udc01\udbc0\udd90o\udbff\udfff",
            "\udbca\udc01\udbc0\udd29o\udbff\udfff",
            "\udbca\udc01\udbc0\udd0fo\udbff\udfff",
            "\udbc9\udf01\udbc0\udd29o\udbff\udfff",
            "\udbc9\udf01\udbc0\udd0fo\udbff\udfff",
            "\udbc9\ude01\udbc0\udd92o\udbff\udfff",
            "\udbc9\ude01\udbc0\udd90o\udbff\udfff",
            "\udbc9\ude01\udbc0\udd6fo\udbff\udfff"
        ],
        "p": [
            "\udbca\udd01\udbc0\udd79p\udbff\udfff",
            "\udbca\udd01\udbc0\udd2ap\udbff\udfff",
            "\udbca\udd01\udbc0\udd10p\udbff\udfff",
            "\udbca\udc01\udbc0\udd79p\udbff\udfff",
            "\udbca\udc01\udbc0\udd2ap\udbff\udfff",
            "\udbca\udc01\udbc0\udd10p\udbff\udfff",
            "\udbc9\udf01\udbc0\udd79p\udbff\udfff",
            "\udbc9\udf01\udbc0\udd2ap\udbff\udfff",
            "\udbc9\udf01\udbc0\udd10p\udbff\udfff",
            "\udbc9\ude01\udbc0\udd7ap\udbff\udfff",
            "\udbc9\ude01\udbc0\udd2ap\udbff\udfff",
            "\udbc9\ude01\udbc0\udd10p\udbff\udfff"
        ],
        "q": [
            "\udbca\udd01\udbc0\udd2bq\udbff\udfff",
            "\udbca\udd01\udbc0\udd11q\udbff\udfff",
            "\udbca\udc01\udbc0\udd2bq\udbff\udfff",
            "\udbca\udc01\udbc0\udd11q\udbff\udfff",
            "\udbc9\udf01\udbc0\udd2bq\udbff\udfff",
            "\udbc9\udf01\udbc0\udd11q\udbff\udfff",
            "\udbc9\ude01\udbc0\udd2bq\udbff\udfff",
            "\udbc9\ude01\udbc0\udd11q\udbff\udfff"
        ],
        "r": [
            "\udbca\udd01\udbc0\udd7ar\udbff\udfff",
            "\udbca\udd01\udbc0\udd2cr\udbff\udfff",
            "\udbca\udd01\udbc0\udd12r\udbff\udfff",
            "\udbca\udc01\udbc0\udd7ar\udbff\udfff",
            "\udbca\udc01\udbc0\udd2cr\udbff\udfff",
            "\udbca\udc01\udbc0\udd12r\udbff\udfff",
            "\udbc9\udf01\udbc0\udd7ar\udbff\udfff",
            "\udbc9\udf01\udbc0\udd2cr\udbff\udfff",
            "\udbc9\udf01\udbc0\udd12r\udbff\udfff",
            "\udbc9\ude01\udbc0\udd79r\udbff\udfff",
            "\udbc9\ude01\udbc0\udd2cr\udbff\udfff",
            "\udbc9\ude01\udbc0\udd12r\udbff\udfff"
        ],
        "s": [
            "\udbca\udd01\udbc0\udd2ds\udbff\udfff",
            "\udbca\udd01\udbc0\udd13s\udbff\udfff",
            "\udbca\udc01\udbc0\udd2ds\udbff\udfff",
            "\udbca\udc01\udbc0\udd13s\udbff\udfff",
            "\udbc9\udf01\udbc0\udd2ds\udbff\udfff",
            "\udbc9\udf01\udbc0\udd13s\udbff\udfff",
            "\udbc9\ude01\udbc0\udd2ds\udbff\udfff",
            "\udbc9\ude01\udbc0\udd13s\udbff\udfff"
        ],
        "t": [
            "target",
            "@\u0173\u026c\u0105",
            ""
        ],
        "u": [
            "\udbca\udd01\udbc0\udd2fu\udbff\udfff",
            "\udbca\udd01\udbc0\udd15u\udbff\udfff",
            "\udbca\udc01\udbc0\udd2fu\udbff\udfff",
            "\udbca\udc01\udbc0\udd15u\udbff\udfff",
            "\udbc9\udf01\udbc0\udd2fu\udbff\udfff",
            "\udbc9\udf01\udbc0\udd15u\udbff\udfff",
            "\udbc9\ude01\udbc0\udd2fu\udbff\udfff",
            "\udbc9\ude01\udbc0\udd15u\udbff\udfff"
        ],
        "v": [
            "\udbca\udd01\udbc0\udd30v\udbff\udfff",
            "\udbca\udd01\udbc0\udd16v\udbff\udfff",
            "\udbca\udc01\udbc0\udd30v\udbff\udfff",
            "\udbca\udc01\udbc0\udd16v\udbff\udfff",
            "\udbc9\udf01\udbc0\udd30v\udbff\udfff",
            "\udbc9\udf01\udbc0\udd16v\udbff\udfff",
            "\udbc9\ude01\udbc0\udd30v\udbff\udfff",
            "\udbc9\ude01\udbc0\udd16v\udbff\udfff"
        ],
        "w": [
            "wl",
            "@\u2133\u2119u\u0455[\u30c1\u30a7\u30c3\u30af\u30dc\u30c3\u30af\u30b9][\u30c1\u30a7\u30c3\u30af\u30dc\u30c3\u30af\u30b9][\u30c1\u30a7\u30c3\u30af\u30dc\u30c3\u30af\u30b9][\u30c1\u30a7\u30c3\u30af\u30dc\u30c3\u30af\u30b9][\u30c1\u30a7\u30c3\u30af\u30dc\u30c3\u30af\u30b9][\u30c1\u30a7\u30c3\u30af\u30dc\u30c3\u30af\u30b9][\u30c1\u30a7\u30c3\u30af\u30dc\u30c3\u30af\u30b9][\u30c1\u30a7\u30c3\u30af\u30dc\u30c3\u30af\u30b9][\u30c1\u30a7\u30c3\u30af\u30dc\u30c3\u30af\u30b9][\u30c1\u30a7\u30c3\u30af\u30dc\u30c3\u30af\u30b9][\u30c1\u30a7\u30c3\u30af\u30dc\u30c3\u30af\u30b9][\u30c1\u30a7\u30c3\u30af\u30dc\u30c3\u30af\u30b9][\u30c1\u30a7\u30c3\u30af\u30dc\u30c3\u30af\u30b9][\u30c1\u30a7\u30c3\u30af\u30dc\u30c3\u30af\u30b9][\u30c1\u30a7\u30c3\u30af\u30dc\u30c3\u30af\u30b9][\u30c1\u30a7\u30c3\u30af\u30dc\u30c3\u30af\u30b9]",
            ""
        ],
        "x": [
            "\udbc9\ude01\udbc0\udd18x\udbff\udfff",
            "\udbca\udd01\udbc0\udd32x\udbff\udfff",
            "\udbca\udd01\udbc0\udd18x\udbff\udfff",
            "\udbca\udc01\udbc0\udd32x\udbff\udfff",
            "\udbca\udc01\udbc0\udd18x\udbff\udfff",
            "\udbc9\ude01\udbc0\udd18x\udbff\udfff",
            "\udbc9\udf01\udbc0\udd32x\udbff\udfff",
            "\udbc9\udf01\udbc0\udd18x\udbff\udfff",
            "\udbc9\ude01\udbc0\udd32x\udbff\udfff"
        ],
        "y": [
            "\udbca\udd01\udbc0\udd19y\udbff\udfff",
            "\udbca\udd01\udbc0\udd33y\udbff\udfff",
            "\udbca\udc01\udbc0\udd33y\udbff\udfff",
            "\udbca\udc01\udbc0\udd19y\udbff\udfff",
            "\udbc9\udf01\udbc0\udd33y\udbff\udfff",
            "\udbc9\udf01\udbc0\udd19y\udbff\udfff",
            "\udbc9\ude01\udbc0\udd33y\udbff\udfff",
            "\udbc9\ude01\udbc0\udd19y\udbff\udfff"
        ],
        "z": [
            "\udbca\udd01\udbc0\udd34z\udbff\udfff",
            "\udbca\udd01\udbc0\udd1az\udbff\udfff",
            "\udbca\udc01\udbc0\udd34z\udbff\udfff",
            "\udbca\udc01\udbc0\udd1az\udbff\udfff",
            "\udbc9\udf01\udbc0\udd34z\udbff\udfff",
            "\udbc9\udf01\udbc0\udd1az\udbff\udfff",
            "\udbc9\ude01\udbc0\udd34z\udbff\udfff",
            "\udbc9\ude01\udbc0\udd1az\udbff\udfff"
        ]
    },
    "gettl": {},
    "gift": {
        "c184f246823d6dfc1ba88dcea34799fb3": true
    },
    "gift2": {},
    "gift2jumlah": 300,
    "gname": {},
    "gpic": {
        "c56bfafc52596987ce1bd4ee55fc940de": true,
        "ce97a4c6533c71904ef26cbecfee8784b": true
    },
    "gsname": "bacot",
    "iconlock": {},
    "leaveroom": false,
    "like": 4,
    "linkpro": {
        "cc669b41b9f3a328559eca3ca3c7316ba": true,
        "ce5c95d4f49ee9d6bb39770b668a78edb": true
    },
    "lockqr": {},
    "message": "ah ah ah",
    "mimic": true,
    "picon": {},
    "pjoin": {
        "ce5c95d4f49ee9d6bb39770b668a78edb": true
    },
    "proname": {
        "ce5c95d4f49ee9d6bb39770b668a78edb": "\u2582\u21a5\u101b\u2560\ud83c\uddf2 \u00ae \ud83c\uddf7\u0198\u2563\u101b\u21a5\u2582 HOME"
    },
    "protect": {},
    "protect2": {},
    "rname": "shiro",
    "tag": {},
    "target": {
        "ub0a437d8c41b2949e1de3f884ac32e02": true
    },
    "tmimic": {
        "u841adaed0f4e8359e3c0a5bbd5ff6f08": true
    },
    "undang": {},
    "welcomeM": "welcome, jangan ditutup dulu qrnya",
    "welcomeN": {},
    "wl": {
        "u5049447235645433c14efb400e021e2c": true
    }
}