{
    "token1": "Ep38PJxk66Glwx0ojU6c.ueLeCJvKvdpbtVTadGiEla.SXAFomRSdwyICki8pp8Aa1u0xfJ2ffsc74QMPA/XZ9o=",
    "token2": "EpPvGLfqN4cGBQiapT38.LnAR6cwl1HBu8jV4sb9Cwa.CT6PYMszPYzGFd//q5DXxfXeIClgM2GL1ecQKDd7ZGE=",
    "token3": "EppByPDTz6jcI0HR1iDb.Gl2FmoVBdJvP5zrS8+WsIW.whKl/cTnfP52tvSL+uqFcn9bW2bhjUBcndxtOfYNg/I=",
    "token4": "EnqefG4hbT7zvd5Ex3r3.dFgZFFotzrndijGXDvw0qW.movaNL3r4MBnlYfTTwxKTCxDk3XVBJ/kvK8O4UttTak=",
    "token5": "EnAG0iklHRHln8lwxl7e.+kXC1t1PaDuuHHRRW3+phG.MqnJHIRUebKstHSQSLIGpP7UH8IBGm0ta2eNhnSGiMw=",
    "token6": "En7tp0w52aYu9V2OfSP4.G1EJX4jH2OTRfqWM5YuDTa.zu8ColH6Y6ve9SPAmvRUsqXSLNO3s5XVVSu1JfHJm14=",
    "token7": "En2YdDzqfAFlEStHiL79.RuBWqK3EdH8gByHbnxYigq.K7pyp6VJCUU8CdWNkDp605gkR8dJikvVNKGd0v7P6Fg=",
    "token8": "EnEWkAaBk0jurpjObD15.yVZN8bJPaTA9tDWrJdxgfq.F5XtLB5E96GtvNUBRFD5ri6nKAyIyGf1TqsC0fIWwdc=",
    "token9": "EnHnTrcK6O2SD8djrvXa.NEENLMdtBOs8QTdUPrTcAG.GNT4X6K4c1kLQSWkDBQkiEoit+g6KlDvEBPqw+ERr1k="
}